arm,segment,mae
A1_FE2_ref,1,128.47097390986758
A1_FE2_ref,2,402.275355359192
A1_FE2_ref,3,1201.7391156066085
A1_FE2_ref,4,1956.43586833259
A1_FE2_ref,5,24603.3456309111
A2_OOF_TE,1,134.7210393414996
A2_OOF_TE,2,413.6655466329942
A2_OOF_TE,3,1219.533515471706
A2_OOF_TE,4,1951.7230611413124
A2_OOF_TE,5,24629.157785625073
A3_median,1,113.73055487451077
A3_median,2,332.160474918006
A3_median,3,859.5772595085986
A3_median,4,1262.893439004383
A3_median,5,24007.505568923058
A4_monotone,1,129.29224736912695
A4_monotone,2,406.6719293040753
A4_monotone,3,1202.48609680152
A4_monotone,4,1973.1589687355392
A4_monotone,5,24581.522683594227
A5_tuned,1,130.63423916682478
A5_tuned,2,400.582453768103
A5_tuned,3,1170.0937523984235
A5_tuned,4,1789.929103736331
A5_tuned,5,24306.860187337046
A6_ensemble,1,126.0812009988807
A6_ensemble,2,383.0069316649419
A6_ensemble,3,1092.8668770179881
A6_ensemble,4,1675.3837557343363
A6_ensemble,5,24206.74252447963
